company_name;email;company_domain
learning express;info@learningexpress.com;http://learningexpress.com/
miller's;toys@millerstoys.com;http://www.millerstoys.com/
building blocks toy stores;toys@buildingblockstoys.com;http://www.buildingblockstoys.com/
the toy shop of concord;info@concordtoys.com;http://www.concordtoys.com/
stamford toys;info@stamfordtoys.com;http://www.stamfordtoys.com/
giant steps;mrsg@juno.com;http://www.giantstepstoys.com/
toy castle;info@toycastlepotomac.com;http://www.toycastlepotomac.com/
eureka!;info@eurekatoys.com;http://www.eurekatoys.com/
smitten kitten;info@smittenkittenonline.com;http://www.smittenkittenonline.com/
smitten kitten;u003ehirosemaryhello@gmail.com;http://www.smittenkittenonline.com/
smitten kitten;hirosemaryhello@gmail.com;http://www.smittenkittenonline.com/
mischief toy store;hello@mischieftoy.com;http://www.mischieftoy.com/
learning express toys of fort lauderdale;info@learningexpress.com;http://www.learningexpress.com/store/ft-lauderdale/
genuine toy co.;genuinetoyco@yahoo.com;http://www.genuinetoyco.com/
one two kangaroo toys;rours@federalrealty.com;http://villageatshirlington.com/shopping/specialty/one-two-kangaroo-toys/
one two kangaroo toys;jkeenan@federalrealty.com;http://villageatshirlington.com/shopping/specialty/one-two-kangaroo-toys/
one two kangaroo toys;mkelleher@federalrealty.com;http://villageatshirlington.com/shopping/specialty/one-two-kangaroo-toys/
one two kangaroo toys;nselman@federalrealty.com;http://villageatshirlington.com/shopping/specialty/one-two-kangaroo-toys/
one two kangaroo toys;ljonker@federalrealty.com;http://villageatshirlington.com/shopping/specialty/one-two-kangaroo-toys/
something safari;somethingsafari@gmail.com;http://www.somethingsafari.com/
learningtower toys;info@learningtower.com;http://learningtower.com/
pun's toy shop;customerservice@punstoys.com;http://www.punstoys.com/
pun's toy shop;joesr@punstoys.com;http://www.punstoys.com/
pun's toy shop;joejr@punstoys.com;http://www.punstoys.com/
great lakes hobby & toy;customerservice@greatlakeshobby.com;http://www.greatlakeshobby.com/
elite toy store inc.;sales@elitetoystore.com;http://www.elitetoystore.com/
toy tyme;comments@toytyme.com;http://www.toytyme.com/
character development books;info@characterdevelopment.net;http://characterdevelopment.net/
learning express toys of newtown;leex60@comcast.net;http://www.learningexpress.com/stores/newtown
learning express toys of newtown;info@learningexpress.com;http://www.learningexpress.com/stores/newtown
the learning express & the teaching room;info@learningexpress.com;http://www.learningexpress.com/stores/
learning express toys of windermere / ocoee;windermerefl@learningexpress.com;http://learningexpress.com/stores/windermere/
learning express toys of windermere / ocoee;info@learningexpress.com;http://learningexpress.com/stores/windermere/
the toy vault warehouse;dan@thetoyvault.com;http://www.thetoyvault.com/
the toy vault warehouse;eric@thetoyvault.com;http://www.thetoyvault.com/
the toy tree;store@toytreeshop.com;http://www.toytreeshop.com/
dinosaur farm;sales@dinosaurfarm.com;http://www.dinosaurfarm.com/
joujou;businesscntr@grandamerica.com;http://www.grandamerica.com/services/grand-shopping/jou_jou
joujou;gaconcierge@grandamerica.com;http://www.grandamerica.com/services/grand-shopping/jou_jou
joujou;leads@grandamerica.com;http://www.grandamerica.com/services/grand-shopping/jou_jou
joujou;pr@grandamerica.com;http://www.grandamerica.com/services/grand-shopping/jou_jou
yoyo heaven;sales@yoyoheaven.com;http://www.yoyoheaven.com/
kiddly winks;sales@kiddlywinks.com;http://www.kiddlywinks.com/
learning shop mequon;info@learningshop.com;http://www.learningshop.com/
teaching toys too;teachingtoysandbooks@yahoo.com;http://www.teachingtoysandbooks.com/
funky monkey toys;info@funkymonkeytoysonline.com;http://www.funkymonkeytoysonline.com/
mudpuddles toys & books;info@mudpuddlestoys.com;http://www.mudpuddlestoys.com/
island treasure toys;anita@islandtreasuretoys.com;http://www.islandtreasuretoys.com/
learning express toys of woodstock;woodstockga@learningexpress.com;http://www.learningexpress.com/store/woodstock/
learning express toys of woodstock;info@learningexpress.com;http://www.learningexpress.com/store/woodstock/
timbuk toys lakewood;customerservice@timbuktoys.com;http://www.timbuktoys.com/
anime orlando inc.;shop@animeorlando.com;http://www.animeorlando.com/
the growing tree toy shop;info@thegrowingtree.com;http://www.thegrowingtree.com/
learning express toys roseville;learningexpressroseville@gmail.com;http://www.learningexpress.com/store/roseville/
learning express toys roseville;info@learningexpress.com;http://www.learningexpress.com/store/roseville/
blue turtle toys inc;blueturtletoys@aol.com;http://www.blueturtletoystore.com/
ormandy's;info@ormandys.com;http://www.ormandys.com/
j w allen & sons toys & candy;contact@parkcitytoystore.com;http://www.parkcitytoystore.com/
whittle shortline;buytrains@woodentrain.com;http://www.woodentrain.com/
timbuk toys highlands ranch;customerservice@timbuktoys.com;http://timbuktoys.com/
stoney's village toy shoppe;sstonebraker1616@aol.com;http://www.stoneystoys.com/
live and learn;customer_service@liveandlearn.com;http://www.liveandlearn.com/shop/
pow!science!;info@powscience.com;http://www.powscience.com/
unplugged toys gifts;unpluggedtoysgifts@yahoo.com;http://www.unpluggedtoysgifts.com/
cairns toys;melissa@cairnstoys.com;http://cairnstoys.com/
island treasure toys yarmouth;anita@islandtreasuretoys.com;http://islandtreasuretoys.com/
hobbytown usa lewisville texas;hobbytowntexas@gmail.com;http://www.htudallastx.com/
fun buy the pound toy store;info@funbuythepound.com;http://www.funbuythepound.com/
brainwaves toy shop;vanessa@brainwavestoyshop.net;http://www.brainwavestoyshop.net/
my special toy store;contactus@myspecialtoystore.com;http://www.myspecialtoystore.com/
the wooden wagon;info@thewoodenwagon.com;http://www.thewoodenwagon.com/
sir troy's toy kingdom;troy@sirtroys.com;http://www.sirtroys.com/
learning express toy store;le176toys@bellsouth.net;http://www.learningexpress.com/store/palm-beach-gardens/
learning express toy store;info@learningexpress.com;http://www.learningexpress.com/store/palm-beach-gardens/
go big skill toy store;gobigskilltoys@gmail.com;http://www.gobigskilltoys.com/
berwyn's toy trains & models;berwynstoytrains@comcast.net;http://www.berwynstoytrains.com/
the whiz store;chris@whiznet.com;http://www.whiznet.com/
double rainbow toy store;hamptontoys@aol.com;http://hamptontoys.com/
woodbury mountain toys;info@woodburymountaintoys.com;http://www.woodburymountaintoys.com/
red balloon toy shop-mashpee;rbtoyshop@gmail.com;http://www.rbtoyshop.com/
rogue toys pdx;roguetoys@yahoo.com;http://www.roguetoys.com/
wyler's;wylersbrunswick@gmail.com;http://www.shopwylersmaine.com/
wyler's;hello@shopwylersmaine.com;http://www.shopwylersmaine.com/
diddams;banners@diddams.com;http://www.diddams.com/
turner toys & hobbies;peter@turnertoys.com;http://www.turnertoys.com/
amok time;amoktime@aol.com;http://www.amoktime.com/
on the park;fredonthepark@gmail.com;http://shop.onthepark.com/
tugooh toys;info@tugoohtoys.com;http://tugoohtoys.com/
the auto toy store;sales@theautotoystore.com;http://www.theautotoystore.com/
the auto toy store;theautotoystoreweb@gmail.com;http://www.theautotoystore.com/
ron's toy shop inc;service@ronstoyshop.com;http://www.ronstoyshop.com/
ron's toy shop inc;trailerdeals@ronstoyshop.com;http://www.ronstoyshop.com/
hollipops fine toys & gifts - greenville;eldaniel711@gmail.com;http://www.hollipopstoys.com/
coast city comics inc;info@coastcitycomics.net;http://www.coastcitycomics.com/
out on a whimsey;deb@outonawhimsey.com;http://outonawhimsey.com/
the elephant's trunk;elephantstrunktoys@gmail.com;http://www.elephantstrunktoys.com/
nana's-a children's shop;service@nanaschildrenshop.com;http://www.nanaschildrenshop.com/
rv toy store;webmaster@rvtoystore.com;http://www.rvtoystore.com/
pinwheel toys;pinwheeltoys@yahoo.com;http://www.pinwheel-toys.com/
oak mountain hobbies;oakmountainhobbies@gmail.com;http://www.oakmountainhobbies.com/
oak mountain hobbies;info@oakmountainhobbies.com;http://www.oakmountainhobbies.com/
toy soldier;info@toysoldiermystic.com;http://www.toysoldiermystic.com/
nova natural toys;support@novanatural.com;http://www.novanatural.com/
old toys live on;oldtoysliveon@gmail.com;http://www.oldtoysliveon.com/
hobbytown usa rockwall texas;hobbytowntexas@gmail.com;http://htudallastx.com/
animeya and collectables;preorders@animeyahi.com;http://facebook.com/animeyaandcollectables
train town;traintownstl@yahoo.com;http://traintownstl.com/
toodleydoo toys;toodleydootoys@gmail.com;http://www.toodleydootoys.com/
out of the box;info@ootbgames.com;http://www.ootbgames.com/
toy b ville napa (formerly the learning faire);web@toybville.com;http://www.toybville.com/
cooleykatz toys;cooleykatztoys@att.net;http://cooleykatztoys.com/
colpar hobbies;hobbies@colpar.com;http://www.colpar.com/
colpar hobbies;laurie@denvercreativemedia.com;http://www.colpar.com/
colpar hobbies;support@integraonline.com;http://www.colpar.com/
children's world;sales@childrensworlduniform.com;http://www.childrensworlduniform.com/
bloomsbury lane toy shoppe;bloomsburylanetoyshoppe@gmail.com;http://www.facebook.com/bloomsburylanetoys/
kokomo toys & collectibles;customerservice@kokomotoys.com;http://www.kokomotoys.com/
science safari inc.;scisafari@yahoo.com;http://www.scisafari.com/
hugg-a-planet;info@peacetoys.com;http://www.peacetoys.com/
your favorite toy store;yourfavoritetoystore@yahoo.com;http://www.yourfavoritetoystore.com/
sailor's toy shoppe;lisa.bramm@royalshell.com;http://shoponsanibel.com/shops/sailors-toy-shoppe/
gunnzo pop-up shop;shop@gunnzo.com;http://gunnzo.com/
visalia hobbies;sales@visaliahobbies.com;http://www.visaliahobbies.com/
world of mirth;info@worldofmirth.com;http://www.worldofmirth.com/
stargazer gifts;stargazergifts@gmavt.net;http://www.stargazergiftsandtoys.com/
viera comics;peter@vieracomics.com;http://www.vieracomics.com/
let's pretend toys;info@letspretendtoys.com;http://letspretendtoys.com/
the rocket;eli@therocketypsi.com;http://www.shoptherocket.com/
full circle;fullcircletoys@gmail.com;http://www.fullcircletoys.com/
beach funatic;info@beachfunatic.com;http://beachfunatic.com/
beach funatic;fpultradesign@gmail.com;http://beachfunatic.com/
the white door;whitedoortoy@yahoo.com;http://thewhitedoortoy.com/contact_us
trf trains & mnt hobbies;trftrains@cfl.rr;http://www.melbourne-hobby-store.com/
learning materials workshop;info@learningmaterialswork.com;http://www.learningmaterialswork.com/
learning materials workshop;info@learningmaterialsworkshop.com;http://www.learningmaterialswork.com/
uncle don's hobbies;kevin@uncledonshobbies.com;http://www.uncledonshobbies.com/
uncle don's hobbies;rob@uncledonshobbies.com;http://www.uncledonshobbies.com/
uncle don's hobbies;info@uncledonshobbies.com;http://www.uncledonshobbies.com/
uncle don's hobbies;zach@uncledonshobbies.com;http://www.uncledonshobbies.com/
uncle don's hobbies;tony@uncledonshobbies.com;http://www.uncledonshobbies.com/
uncle don's hobbies;chad@uncledonshobbies.com;http://www.uncledonshobbies.com/
uncle don's hobbies;keiffer@uncledonshobbies.com;http://www.uncledonshobbies.com/
uncle don's hobbies;diego@uncledonshobbies.com;http://www.uncledonshobbies.com/
hop scotch children's store;orders@hopscotchstore.com;http://www.hopscotchstore.com/
the collection;collection@madriver.com;http://www.vtcollection.com/
learning express toys at the hill country galleria;beecavetx@learningexpress.com;http://learningexpress.com/stores/bee-cave
learning express toys at the hill country galleria;info@learningexpress.com;http://learningexpress.com/stores/bee-cave
fantastic collectibles;richs1141@msn.com;http://fantasticcollectibles.biz/
fantastic collectibles;dollfixer@pacbell.net;http://fantasticcollectibles.biz/
genius babies inc;geniusbabies@carolina.rr;http://www.geniusbabies.com/
playthings etc.;playthingsetc@yahoo.com;http://www.playthings-etc.com/
learning post;learningpostltd@yahoo.com;http://www.learningpostltd.com/
norwich bookstore;info@norwichbookstore.com;http://www.norwichbookstore.com/
norwich bookstore;penny@norwichbookstore.com;http://www.norwichbookstore.com/
norwich bookstore;liza@norwichbookstore.com;http://www.norwichbookstore.com/
norwich bookstore;events@norwichbookstore.com;http://www.norwichbookstore.com/
norwich bookstore;meghan@norwichbookstore.com;http://www.norwichbookstore.com/
norwich bookstore;accounting@norwichbookstore.com;http://www.norwichbookstore.com/
vermont wooden toys;rvoake@vermontwoodentoys.com;http://www.vermontwoodentoys.com/
nowhere toys;oldjedimas@aol.com;http://nowheretoys.com/
teddy bear emporium ltd;bears@teddybearemp.com;http://www.teddybearemp.com/
the gingerbread house;info@gingerbreadhousetoys.com;http://www.gingerbreadhousetoys.com/
learning express toys of wyomissing;le382wyomissinge@gmail.com;http://www.learningexpress.com/store/wyomissing/
learning express toys of wyomissing;info@learningexpress.com;http://www.learningexpress.com/store/wyomissing/
bud's farm toys;info@budsfarmtoys.net;http://www.budsfarmtoys.net/
nature calls;sarah.luhmann@valley.net;http://www.powerhousemall.com/
toy time;toytimecandy@gmail.com;http://www.toy-time.com/
tiny tim's toys;tinytimstoys@gmail.com;http://www.trainandtoystore.com/
once upon a child - des moines;onceuponachildclive@gmail.com;http://www.onceuponachilddesmoines.com/
the school shop;info@theschoolshopstore.com;http://www.theschoolshopstore.com/
kite stop;sales@kitestop.com;http://www.kitestop.com
noel's car toys;noelscartoys@aol.com;http://noeltoys.weebly.com/
strasburg toys & collectibles llc;strasburgtoys@verizon.net;http://strasburgtoys.com/
hobbytown usa - orem;'htuoremut@aol.com;http://www.hobbytown.com/orem-ut
toys n things;danversgm@comcast.net;http://www.facebook.com/toysnthingsdanvers
jadabug's baby boutique;info@jadabugs.com;http://www.jadabugs.com/
ben's;admin@shopbens.com;http://shopbens.com/
the toy shop & motolounge;info@ttsmotolounge.com;http://www.ttsmotolounge.com/
puddle duck;donate@opencart.com;http://www.thepuddleduck.com/
alphabet soup;info@alphabetsoupithaca.com;http://alphabetsoupithaca.com/
room to grow;robin@toysrtg.com;http://www.roomtogrowtoys.com/
room to grow;info@roomtogrowtoys.com;http://www.roomtogrowtoys.com/
rogers pool patio & toy co. inc;poolsrogers@aol.com;http://www.rogerspools.com/
humphreys childrens apparel;admin@humphreysapparelandtoys.com;http://www.humphreysapparelandtoys.com/
woodland toy shop;info@gardengreenhouse.net;http://www.gardengreenhouse.net/woodland-village/woodland-toy-shop/
toy hunters;hzhang@ashland.edu;http://toyhunters.net/
haymarket hobbies & toys;haymktlbi@aol.com;http://haymarketlbi.com/
serendipity toys;jbarthe@west.net;http://www.serendipitytoys.com/
once upon a child - columbia;tammyhen@hotmail.com;http://www.onceuponachildcolumbia.com/
once upon a child - columbia;ouacsurfside@yahoo.com;http://www.onceuponachildcolumbia.com/
the pumpkin patch;info@thepumpkinpatchames.com;http://www.thepumpkinpatchames.com/
brad's toys & collectibles;contact@bradstoys.com;http://www.bradstoys.com/
cindie's - beaumont;info@cindies.com;http://www.cindies.com/
big city toys;bigcitytoys@yahoo.com;http://www.bigcitytoys.com/
farpoint toys and collectibles;contact@farpointtoys.com;http://www.farpointtoys.com/
echo;info@echobeacon.com;http://www.echobeacon.com/
friends 4 ever lingerie;info@lvcinc.com;http://www.friends4everlingerie.com/
friends 4 ever lingerie;hr@lvcinc.com;http://www.friends4everlingerie.com/
friends 4 ever lingerie;sales@lvcinc.com;http://www.friends4everlingerie.com/
lookout toy store;sales@lookouttoystore.com;http://www.lookouttoystore.com/
briarcliff toy shop;briarclifftoyshop@gmail.com;http://www.briarclifftoyshop.com/
captain's comics & toys;info@captainscomics.com;http://www.captainscomics.com/
captain's comics & toys;captainscomics@gmail.com;http://www.captainscomics.com/
captain's comics & toys;tainscomics@gmail.com;http://www.captainscomics.com/
captain's comics & toys;captainscomics.com@gmail.com;http://www.captainscomics.com/
tiny toys collectibles;admin@tinytoycollectibles.com;http://www.tinytoycollectibles.com/
art mart;questions@shopartmart.com;http://www.shopartmart.com/
orange tree imports;orangetreeimports@mac.com;http://www.orangetreeimports.com/
time tunnel comics & toys;timetunnelcomics@aol.com;http://www.timetunnelcomics.com/
devaney doak & garrett booksellers;info@ddgbooks.com;http://www.ddgbooks.com/
new york central toys & trains;nyctrains@msn.com;http://www.nyctrainstore.com/
lou lou's corner;sales@loulouscorner.com;http://www.loulouscorner.com/
bare necessities;info@barenecessities.com;http://www.barenecessities.com/
bella luna toys;support@bellalunatoys.com;http://www.bellalunatoys.com/
toys forever models & hobbies;web@toysforeverhobbies.com;http://www.toysforeverhobbies.com/
louie's toy box;dgoettl@hickorytech.net;http://louiestoybox.com/
vero beach book center;20info@verobeachbookcenter.com;http://www.verobeachbookcenter.com/
vero beach book center;info@verobeachbookcenter.com;http://www.verobeachbookcenter.com/
ingenuity country store;echocove91@yahoo.com;http://ingenuitycountrystore.com/
rooms for a prince and princess;contact@rppkids.com;http://www.rppkids.com/
scranton hobby center;scrantonhobby517@aol.com;http://www.scrantonhobbyonline.com/
scranton hobby center;bbsfdl60@hotmail.com;http://www.scrantonhobbyonline.com/
magnifilous toy emporium;contactus@magnifilous.com;http://magnifilous.com/
ohana fun company;info@ohanatoyco.com;http://www.ohanafunco.com/
entertainment earth inc;cs@entertainmentearth.com;http://entertainmentearth.com/
bartertown collectibles;mailbox@domain.tld;http://www.bartertowncollectibles.net/
game citadel;gamecitadelbangor@gmail.com;http://www.gamecitadel.com/
movers & shakers kids toys;reservations@kohler.com;http://www.americanclubresort.com/shopping/shopping-directory/movers-shakers-kids-toys
chimera hobby shop inc;hardcoded@twocalendarsonhomepage.com;http://www.chimerahobby.com/
truckee variety co.;info@historictruckee.com;http://www.historictruckee.com/shop.php
truckee variety co.;cassie@historictruckee.com;http://www.historictruckee.com/shop.php
truckee variety co.;join@historictruckee.com;http://www.historictruckee.com/shop.php
truckee variety co.;events@historictruckee.com;http://www.historictruckee.com/shop.php
flying fun;info@visitnorthparkmall.com;http://www.visitnorthparkmall.com/store/flying-fun/2138874652/
tree house;tahoetreehouse@aol.com;http://tahoetreehouse.com/
petra toys;info@petratoysusa.com;http://www.petratoysusa.com/
science toy magic;jason@downtownfortcollins.com;http://downtownfortcollins.com/member-directory/science-toy-magic
science toy magic;james@downtownfortcollins.com;http://downtownfortcollins.com/member-directory/science-toy-magic
science toy magic;erica@downtownfortcollins.com;http://downtownfortcollins.com/member-directory/science-toy-magic
science toy magic;kim@downtownfortcollins.com;http://downtownfortcollins.com/member-directory/science-toy-magic
science toy magic;andrew@downtownfortcollins.com;http://downtownfortcollins.com/member-directory/science-toy-magic
science toy magic;torre@downtownfortcollins.com;http://downtownfortcollins.com/member-directory/science-toy-magic
science toy magic;vanessa@downtownfortcollins.com;http://downtownfortcollins.com/member-directory/science-toy-magic
clothes pony & dandelion toys;helloboulder@clothespony.com;http://www.clothespony.com/
clothes pony & dandelion toys;hello@clothespony.com;http://www.clothespony.com/
joker's novelties;info@jokernov.com;http://jokernov.com/
red arrow workshop - river ranch;sales@redarrowworkshop.com;http://www.redarrowworkshop.com/
white elephant surplus stores;info@whiteelephantstores.com;http://www.whiteelephantstores.com/
white elephant surplus stores;whiteelephant2@qwestoffice.net;http://www.whiteelephantstores.com/
cloverdale toy trucks;rcr@cloverdaletoytrucks.com;http://cloverdaletoytrucks.com/
teeny tiny toy store;info@saugatuckdouglas.com;http://www.saugatuckdouglas.com/showbusiness.php?search=gift%20and%20specialty%20shops
teeny tiny toy store;lvl3344@hotmail.com;http://www.saugatuckdouglas.com/showbusiness.php?search=gift%20and%20specialty%20shops
teeny tiny toy store;artglassalcove.office@gmail.com;http://www.saugatuckdouglas.com/showbusiness.php?search=gift%20and%20specialty%20shops
teeny tiny toy store;info@grinsofsaugatuck.com;http://www.saugatuckdouglas.com/showbusiness.php?search=gift%20and%20specialty%20shops
teeny tiny toy store;misslively1@yahoo.com;http://www.saugatuckdouglas.com/showbusiness.php?search=gift%20and%20specialty%20shops
teeny tiny toy store;saugatuckds@aol.com;http://www.saugatuckdouglas.com/showbusiness.php?search=gift%20and%20specialty%20shops
teeny tiny toy store;judybooks@msn.com;http://www.saugatuckdouglas.com/showbusiness.php?search=gift%20and%20specialty%20shops
teeny tiny toy store;teenytinytoys@gmail.com;http://www.saugatuckdouglas.com/showbusiness.php?search=gift%20and%20specialty%20shops
teeny tiny toy store;jp.920@live.com;http://www.saugatuckdouglas.com/showbusiness.php?search=gift%20and%20specialty%20shops
dancing bear toys and gifts;info@dbeartoys.com;http://www.dbeartoys.com/
tomodachi;info@tomodachi.us;http://www.tomodachi.us/
little red;sales@shoplittlered.com;http://www.shoplittlered.com/
william's fun smart toys;toylady@funsmarttoys.com;http://funsmarttoys.com/
southerland station;info@homestead.com;http://southerlandstation.com/
somos media & gallery;info@somosmedia.net;http://www.somosmedia.net/
fred miller's - since 1919;fmillersned@gmail.com;http://www.fredmillers.com/
melodi's belles & beaus;info@melodisbellesandbeaus.com;http://www.melodisbellesandbeaus.com/
innisfree bookshop;info@millfalls.com;http://millfalls.com/
innisfree bookshop;gail@millfalls.com;http://millfalls.com/
innisfree bookshop;debbie@millfalls.com;http://millfalls.com/
innisfree bookshop;mzyla@millfalls.com;http://millfalls.com/
innisfree bookshop;joe@millfalls.com;http://millfalls.com/
innisfree bookshop;careers@millfalls.com;http://millfalls.com/
innisfree bookshop;jodie@millfalls.com;http://millfalls.com/
dilly dally's toy store;storeinfo@dillydallys.com;http://www.dillydallys.com/
hobbytown usa - fort collins;'fortcollins@hobbiescolorado.com;http://www.hobbytown.com/fort_collins-co
toy house & baby too;info.toyhouse@acd.net;http://www.toyhouseonline.com/
4 leaf toys;rclover1@cox.net;http://www.4-leaftoys.com/
k/d empire;kdempire1@gmail.com;http://www.kdempire.com/
treasure chest ii;tc2crew1@yahoo.com;http://www.treasurechest2.com/
treasure chest ii;managertcii@gmail.com;http://www.treasurechest2.com/
winkie's toys & hobby;ebiz@winkies.com;http://www.winkies.com/
groovy toys llc;support@myfunkyplanet.com;http://webrc.co/
gigi's fabulous kids' fashions & toys;gigisfabkids@embarqmail.com;http://www.gigisfabkids.com/
joseph saine auctioneer;jos@josephsaine.com;http://www.josephsaine.com/
buttonwood books and toys;store@buttonwoodbooksandtoys.com;http://www.buttonwoodbooksandtoys.com/
bradleys toy repair and shop;shumanbradley@gmail.com;http://bradleystoyrepairandshop.webs.com/apps/admin/
bradleys toy repair and shop;dewayneshuman@gmail.com;http://bradleystoyrepairandshop.webs.com/apps/admin/
cooltrains toys & hobbies;sales@cooltrains.com;http://www.cooltrains.com/
toy wars;help@toywars.com;http://toywars.com/
act ii books and puppets;rjg@kidsbooksandpuppets.com;http://www.kidsbooksandpuppets.com/
purple earth comics;purplecomicbooks@gmail.com;http://purpleearthcomics.com/
vintage phoenix;20customerservice@vintagephoenixcomics.com;http://www.vintagephoenixcomics.com/
vintage phoenix;vintagephoenix@sbcglobal.net;http://www.vintagephoenixcomics.com/
goodies texas;sales@goodiestexas.com;http://www.goodiestexas.com/
filadelfos toy & hobby;bill@frchobby.com;http://www.frchobby.com/
miniature cottage shop;info@nationalminiaturestrust.com;http://www.nationalminiaturestrust.com/
into the wind;kites@intothewind.com;http://www.intothewind.com/
love stuff of auburn;youremail@emailprovider.com;http://www.store.lovestuffonline.com/
solvang toyland;info@solvangusa.com;http://www.solvangusa.com/
gene's toys & collectibles;20fem324@live.com;http://genestoys.com/
the land of nod outlet;sales@emigre.com;http://www.landofnod.com/stores/naperville-outlet/str153
wallingford toy works;info@woodenpuzzle.com;http://woodenpuzzle.com/
begin again toys;orders@beginagaintoys.com;http://www.beginagaintoys.com/
begin again toys;tami@beginagaintoys.com;http://www.beginagaintoys.com/
world's coolest comics & collectible toy store;juan@worldscoolestcomics.com;http://worldscoolestcomicbookstore.com/
world's coolest comics & collectible toy store;jr@worldscoolestcomics.com;http://worldscoolestcomicbookstore.com/
world's coolest comics & collectible toy store;sales@worldscoolesttoystore.com;http://worldscoolestcomicbookstore.com/
once upon a child - lexington;ouaclexington@yahoo.com;http://www.onceuponachildlexington.com/
once upon a child - davenport;onceuponachild@mchsi.com;http://www.onceuponachilddavenport.com/
dan's crafts & things;findit@danscraftsandthings.com;http://www.danscraftsandthings.com/
land of oz toys;landofoztoys@gmail.com;http://www.landofoztoys.com/
altiplano;sales@altiplano.com;http://www.altiplano.com/
altiplano;info@altiplano.com;http://www.altiplano.com/
altiplano;retail@altiplano.com;http://www.altiplano.com/
altiplano;wholesalereg@altiplano.com;http://www.altiplano.com/
once upon a child waco;info@onceuponachildwaco.com;http://www.onceuponachildwaco.com/
bears 'n friends;info@bearsnfriends.com;http://www.bearsnfriends.com/
winterwalk train display & shop;winterwalk@outlook.com;http://winterwalktraindisplayshop.com/
the toy box & treasure;toybox5635@gmail.com;http://www.toyboxvideogames.com/
once upon a child - northwest spokane;toybox5635@gmail.com;(509) 487-1628
inland octopus toy shop;email@inlandoctopus.com;http://www.inlandoctopus.com/
game friendzy;gmaefriendzy@gmail.com;http://www.gamefriendzy.com/
game friendzy;nfo@gamefriendzy.com;http://www.gamefriendzy.com/
game friendzy;info@gamefriendzy.com;http://www.gamefriendzy.com/
nordica;info@nordicatoys.com;http://www.nordicatoys.com/
a and a toys;aandatoys@gmail.com;http://aandatoys.wordpress.com/
world's coolest comics and collectibles;juan@worldscoolestcomics.com;http://www.worldscoolestcomicbookstore.com/
world's coolest comics and collectibles;jr@worldscoolestcomics.com;http://www.worldscoolestcomicbookstore.com/
world's coolest comics and collectibles;sales@worldscoolesttoystore.com;http://www.worldscoolestcomicbookstore.com/
greenpoint toy center;benny.han@gmail.com;http://www.greenpointtoys.com/
galaxy comics games & more;galaxycomicsstevenspoint@gmail.com;http://galaxycomicsandgames.com/
baby's planet;info@babysplanet.com;http://www.babysplanet.com/
baby's planet;info-ponce@babysplanet.com;http://www.babysplanet.com/
lucy toys inc;lucystoys@att.net;http://www.lucystoys.com/
dan's toy shop llc;danstoyshop@everestkc.net;http://www.danstoyshop.com/
dan's toy shop llc;sales@danstoyshop.com;http://www.danstoyshop.com/
abc kids;abc.consign@gmail.com;http://www.abc-consign.com/
angotti farm toys & hobbies;info@angottifarmtoys.com;http://www.angottifarmtoys.com/
giggle monkey toys;gigglemonkey@windstream.net;http://www.gigglemonkeytoys.com/
moore toys & gadgets;diane@mooretoys.com;http://mooretoys.com/
puzzles;puzzles@lewespuzzles.com;http://lewespuzzles.com/
just imagine toys llc;orders@justimaginetoys.com;http://www.justimaginetoys.com/
doodlet's;happiness@doodlets.com;http://doodlets.com/
fos comics;happiness@doodlets.com;(251) 366-9669
klig's kites at broadway at the beach;shop@kligs.com;http://kligs.com/
chicken little;store@chickenlittlekids.com;http://www.chickenlittlekids.com/
pure romance by jennifer;jeda101@aol.com;http://www.jenniferdalbol.com/
wall of fame;admin@walloffame.net;http://walloffame.net/
think tank;ask@theicm.org;http://www.theicm.org/about/think-tank
think tank;lbandfield@theicm.org;http://www.theicm.org/about/think-tank
think tank;jfrantz@theicm.org;http://www.theicm.org/about/think-tank
think tank;jdonnenwerth@theicm.org;http://www.theicm.org/about/think-tank
think tank;ddunkhase@theicm.org;http://www.theicm.org/about/think-tank
think tank;gkempletaylor@theicm.org;http://www.theicm.org/about/think-tank
think tank;kmoore@theicm.org;http://www.theicm.org/about/think-tank
think tank;amorris@theicm.org;http://www.theicm.org/about/think-tank
think tank;amussman@theicm.org;http://www.theicm.org/about/think-tank
think tank;jstanhope@theicm.org;http://www.theicm.org/about/think-tank
all around rc & hobbies;rchobbies1620@sbcglobal.net;http://www.allaroundrc.com/
read apple llc;thereadapplellc@gmail.com;http://www.thereadapple.com/
smart kids' toys;sales@smartkidstoys.com;http://www.sktoys.com/
sugarplum kids;emibarbcon@sbcglobal.net;http://www.sugarplumkidsredding.com/contact-us2.html
kerrific children's & maternity boutique;kerrific5@gmail.com;http://www.kerrific.com/
indigo baby;info@theindigobaby.com;http://www.theindigobaby.com/
toy hutt;customerservice@toyhutt.com;http://www.toyhutt.com/
deja vu love boutique shreveport;crystalshreveport@yahoo.com;http://www.loveboutiqueshreveport.com/
deja vu love boutique shreveport;sales@loveboutiqueshreveport.com;http://www.loveboutiqueshreveport.com/
rc planet;license@prestashop.com;http://www.rcplanet.com/
rc planet;contact@prestashop.com;http://www.rcplanet.com/
rc planet;info@rcplanet.com;http://www.rcplanet.com/
wigglish;customercare@wigglish.com;http://www.wigglish.com/
unicorn gifts & toys;info@unicorngiftsandtoys.com;http://www.unicornstore.com/
magic pro shop;sales@yourmagicproshop.com;http://www.yourmagicproshop.com/
recess;gte@recess.net;http://www.recess.net/
cow over the moon inc;anarchos3@hotmail.com;http://www.toysonmainstreet.com/
52 weeks of romance boutique;52fantasiesroanoke@gmail.com;http://www.52fantasies.com/
oompa toys;hello@oompa.com;http://www.oompa.com/
trainland hobbies llc;trainlandhobbies@gmail.com;http://www.trainlandhobbiesllc.com/
double take;info@santafedoubletake.com;http://www.santafedoubletake.com/
the mega corvette toy store;cjscorvettespa@aol.com;http://www.cjscorvettes.com/
nancy's nook;thestoreforcouples@gmail.com;http://www.lovestuffusa.com/
big r store of warsaw;bigr@bigr.com;http://www.bigr.com/
big r store of warsaw;info@shopvisible.coms;http://www.bigr.com/
baby wearhouse;delivery@emarketingsolutions.biz;http://babywearhousejc.com/
pure imagination;pureimaginationgifts@gmail.com;http://www.pureimaginationtoys.com/
classic plastics toy store;classicplasticstoystore@gmail.com;http://www.classicplasticstoystore.com/
the toy boat;thetoyboatcrew@gmail.com;http://thetoyboat.com/
twinkle twinkle little store;info@twinkletwinklelittlestoreofnaples.com;http://www.twinkletwinklelittlestoreofnaples.com/
twinkle twinkle little store;cherylcheok@yahoo.com;http://www.twinkletwinklelittlestoreofnaples.com/
twinkle twinkle little store;twinkletwinklelittlestore@yahoo.com;http://www.twinkletwinklelittlestoreofnaples.com/
twinkle twinkle little store;rentals@twinkletwinklelittlestoreofnaples.com;http://www.twinkletwinklelittlestoreofnaples.com/
the brick hutt;brickhutt@yahoo.com;http://thebrickhutt.com/
the brick hutt;rickhutt@yahoo.com;http://thebrickhutt.com/
smart monkey toys;orders@smartmonkeytoys.com;http://www.smartmonkeytoys.com/
just jump it;play@jjitoys.com;http://www.jjitoys.com/
little red wagon;vhergert@amanas.net;http://www.amanashops.com/
little red wagon;customerservice@amanashops.com;http://www.amanashops.com/
the silly sprout;thesillysprout@gmail.com;http://www.thesillysprout.com/
burlington coat factory;micah.pierce@burlingtonstores.com;http://burlingtoncoatfactory.com/
burlington coat factory;john@coat.com;http://burlingtoncoatfactory.com/
freaktoyz;info@freaktoyz.com;http://www.freaktoyz.com/
freaktoyz;530811-920-287-7812info@freaktoyz.com;http://www.freaktoyz.com/
gumdrop tree;jweaver@fallsgumdroptree.com;http://gumdroptreetoys.com/
game seeker;gameseekersantabarbara@gmail.com;http://gameseeker.myshopify.com/
spy pro shop;spyproshop@gmail.com;http://www.spyproshop.org/
quechee gorge village;quechee@quecheegorge.com;http://www.quecheegorge.com/
teddy bear square;teddybearsquare583@gmail.com;http://www.teddybearsquare.com/
sunnyside cottage gifts & toys;20sunnysidecottage@msn.com;http://sunnysidecottagegifts.com/
ftw: for the win;info@ftwgamestore.com;http://www.ftwgamestore.com/
treasure box toys;treasureboxtoys@sbcglobal.net;http://www.treasureboxtoys.com/
rehoboth toy & kite company;rehobothtoyandkite@gmail.com;http://www.rehobothkite.com/
once upon a child rapid city;ouac@rocketmail.com;http://www.onceuponachildrapidcity.com
kringles;emailinfo@kringlesinc.com;http://www.kringlesinc.com/
kringles;info@kringlesinc.com;http://www.kringlesinc.com/
adam miller toy and bicycle;adammiller2@verizon.net;http://www.adammillertoyandbicycle.com/
playmobil funpark;service@playmobilusa.com;http://www.playmobil.us/funparkusa
playmobil funpark;webmaster@playmobilusa.com;http://www.playmobil.us/funparkusa
klig's kites;shop@kligs.com;http://www.kligs.com/
kalli's love stuff;youremail@emailprovider.com;http://www.lovestuffonline.com/
the toy box store;thetoyboxstore@gmail.com;http://www.toyboxofnj.com/
emerald isle books and toys;books@emeraldislebooks.com;http://www.emeraldislebooks.com/contact.html
hobbytown usa - westminster;'westminster@hobbiescolorado.com;http://www.hobbytown.com/westminster-co
shenanigan's toys;toys@shentoys.com;http://shentoys.com/
university book & supply;bookstore@panthersupply.com;http://panthersupply.com/
lanard toys;enquiries@lanard.com;http://www.lanard.com/
lanard toys;sales@lanard.com;http://www.lanard.com/
peekaboo baby;info@peekabooonline.com;http://www.peekabooonline.com/
peekaboo baby;info@peekaboocedarfalls.com;http://www.peekabooonline.com/
planet mind;josh.sigler@kokomotribune.com;http://www.kokomotribune.com/news/a-happy-ending-for-planet-mind/article_c80aaae4-1858-11e5-a3aa-47b63e171677.html
planet mind;webmaster@kokomotribune.com;http://www.kokomotribune.com/news/a-happy-ending-for-planet-mind/article_c80aaae4-1858-11e5-a3aa-47b63e171677.html
great rocky mountain toy co;info@mountaintoys.net;http://mountaintoys.net/
incredible flying objects;drew@incredibleflyingobjects.com;http://www.ifotoys.com/
plus fun;plusfunstore@gmail.com;http://plusfun.net/
brick circuit lego store;staff@brickcircuit.us;http://brickcircuit.us/
mom & pop place llc;info@momandpopplace.com;http://momandpopplace.com/
erotique;info@erotiquestyle.com;http://www.erotiquestyle.com/
reno rails;renorails@renorails.com;http://renorails.com/
paddington station;info@paddingtonstationashland.com;http://www.paddingtonstationashland.com/
play sprockets;info@playsprockets.com;http://playsprockets.com/
rc superstore;sales@rcsuperstore.com;http://www.rcsuperstore.com/
terra tots natural parenting;terratotsnaturalparenting@gmail.com;http://www.store.terra-tots.com/
axels unusual;agrymala@gmail.com;http://www.abatrader.com/
dark tide comics;darktidecomics@gmail.com;http://www.darktidecomics.com/
hobby corner;hobby@hobbycorner.biz;http://www.thehobbycorner.net/
digital heroes;info@digitalheroes.com;http://www.digitalheroes.com/
dungeness kids co.;susan@dungenesskids.com;http://www.dungenesskids.com/
sweet kitty the anime store;mail@sweetkittyanime.com;http://www.sweetkittyanime.com/
carr's hobby shop;20carr@carrshobby.com;http://carrshobbies.com/
carr's hobby shop;carr@carrshobby.com;http://carrshobbies.com/
books on first;chin@booksonfirst.com;http://www.booksonfirst.com/
just 4 funn toys;twotwin57@hotmail.com;http://just4funntoys.com/
chuck's brass trains;brasso3657@att.net;http://chucksbrasstrains.com/
so forth & what not by tatianna;howardtonya17@yahoo.com;http://soforthandwhatnot.com/home/
academic toolbox;atbox@nwi.net;http://www.academictoolbox.com/
let's play something;info@letsplaysomething.com;http://www.letsplaysomething.com/
lainie's way;info@lainiesway.com;http://www.lainiesway.com/
ready made trains llc;rmt-direct@readymadetoys.com;http://www.readymadetoys.com/
once upon a child cordova;ouaccordova@gmail.com;http://onceuponachildcordova.com/
glen's fair price store inc;glensfairprice@aol.com;http://www.glensfairprice.com/
greenfield games;games@greenfieldgames.com;http://www.greenfieldgames.com/
rebel bricks;rebelbricks@gmail.com;http://rebelbricks.com/
lil bub's lil shop;stacy@lilbub.com;http://www.lilbubslilshop.com/
susan's store room;susanstor@earthlink.net;http://www.susansstoreroom.com/
kids creative corner;kidscreativecornerofpoppy@gmail.com;http://www.kidscreativecorner.weebly.com/
happiloo;info@happiloo.com;http://www.happiloo.com/
pure romance parties by joni duncan;joniduncan@outlook.com;http://www.partywithjoni.com/
all things bright & beautiful;allthingsbright@madriver.com;http://www.allthingsbright.com/
oregon trail hobbies & gifts;hobbies@oregontrailhobbies.com;http://www.oregontrailhobbies.com/
once upon a child - surfside;tammyhen@hotmail.com;http://www.onceuponachildsurfsidebeach.com/
once upon a child - surfside;ouacsurfside@yahoo.com;http://www.onceuponachildsurfsidebeach.com/
rooks comics and games;rook@rookscomicsandgames.com;http://www.rookscomicsandgames.com/
j t puffin's;glamps@bigpuffin.com;http://www.puffins.com/
book table;loganbooktable@gmail.com;http://loganbooktable.wordpress.com/
fanatix;fanatix.llc@gmail.com;http://www.dothanfanatix.com/
gasoline alley toys and antiques;zboy10@aol.com;http://www.toydecals.com/
fast eddie's rc hobbies;info@fasteddiesrc.com;http://www.fasteddiesrc.com/
moore's farm toys;contact@mooresfarmtoys.com;http://www.mooresfarmtoys.com/
the land of nod;sales@emigre.com;http://www.landofnod.com/stores/university-village/str152
the land of nod;nodevents@landofnod.com;http://www.landofnod.com/stores/university-village/str152
the land of nod;sales@emigre.com;http://www.landofnod.com/stores/south-coast-plaza/str158
the land of nod;nodevents@landofnod.com;http://www.landofnod.com/stores/south-coast-plaza/str158
the land of nod;sales@emigre.com;http://www.landofnod.com/stores/north-clybourn/str151
the land of nod;nodevents@landofnod.com;http://www.landofnod.com/stores/north-clybourn/str151
pottery barn kids;sales@emigre.com;
pottery barn kids;nodevents@landofnod.com;
the land of nod shop at crate and barrel;sales@emigre.com;http://www.landofnod.com/stores/park-meadows-at-crate-and-barrel/str181
the land of nod shop at crate and barrel;sales@emigre.com;http://www.landofnod.com/stores/westport-at-crate-and-barrel/str184
the land of nod shop at crate and barrel;sales@emigre.com;http://www.landofnod.com/stores/stanford-shopping-center-at-crate-and-barrel/str183
the land of nod;sales@emigre.com;http://www.landofnod.com/stores/oakbrook-center/str155
the land of nod;nodevents@landofnod.com;http://www.landofnod.com/stores/oakbrook-center/str155
once upon a child - columbia north east;tammyhen@hotmail.com;http://www.onceuponachildcolumbia.com/
once upon a child - columbia north east;ouacsurfside@yahoo.com;http://www.onceuponachildcolumbia.com/
tots;sales@shoplittlered.com;(850) 516-3781
