company_domain,email
dbeartoys.com,info@dbeartoys.com
tomodachi.us,info@tomodachi.us
facebook.com,frenchtoastbaby@comcast.net
shoplittlered.com,sales@shoplittlered.com
funsmarttoys.com,toylady@funsmarttoys.com
southerlandstation.com,info@homestead.com
somosmedia.net,info@somosmedia.net
fredmillers.com,fmillersned@gmail.com
melodisbellesandbeaus.com,info@melodisbellesandbeaus.com
millfalls.com,info@millfalls.com
millfalls.com,gail@millfalls.com
millfalls.com,debbie@millfalls.com
millfalls.com,mzyla@millfalls.com
millfalls.com,joe@millfalls.com
millfalls.com,careers@millfalls.com
millfalls.com,jodie@millfalls.com
dillydallys.com,storeinfo@dillydallys.com
hobbytown.com,'fortcollins@hobbiescolorado.com
toyhouseonline.com,info.toyhouse@acd.net
4-leaftoys.com,rclover1@cox.net
kdempire.com,kdempire1@gmail.com
treasurechest2.com,tc2crew1@yahoo.com
treasurechest2.com,managertcii@gmail.com
winkies.com,ebiz@winkies.com
webrc.co,support@myfunkyplanet.com
gigisfabkids.com,gigisfabkids@embarqmail.com
josephsaine.com,jos@josephsaine.com
buttonwoodbooksandtoys.com,store@buttonwoodbooksandtoys.com
bradleystoyrepairandshop.webs.com,shumanbradley@gmail.com
bradleystoyrepairandshop.webs.com,dewayneshuman@gmail.com
cooltrains.com,sales@cooltrains.com
toywars.com,help@toywars.com
kidsbooksandpuppets.com,rjg@kidsbooksandpuppets.com
purpleearthcomics.com,purplecomicbooks@gmail.com
vintagephoenixcomics.com,20customerservice@vintagephoenixcomics.com
vintagephoenixcomics.com,vintagephoenix@sbcglobal.net
goodiestexas.com,sales@goodiestexas.com
frchobby.com,bill@frchobby.com
nationalminiaturestrust.com,info@nationalminiaturestrust.com
intothewind.com,kites@intothewind.com
store.lovestuffonline.com,youremail@emailprovider.com
solvangusa.com,info@solvangusa.com
genestoys.com,20fem324@live.com
landofnod.com,sales@emigre.com
woodenpuzzle.com,info@woodenpuzzle.com
beginagaintoys.com,orders@beginagaintoys.com
beginagaintoys.com,tami@beginagaintoys.com
worldscoolestcomicbookstore.com,juan@worldscoolestcomics.com
worldscoolestcomicbookstore.com,jr@worldscoolestcomics.com
worldscoolestcomicbookstore.com,sales@worldscoolesttoystore.com
onceuponachildlexington.com,ouaclexington@yahoo.com
onceuponachilddavenport.com,onceuponachild@mchsi.com
danscraftsandthings.com,findit@danscraftsandthings.com
landofoztoys.com,landofoztoys@gmail.com
altiplano.com,sales@altiplano.com
altiplano.com,info@altiplano.com
altiplano.com,retail@altiplano.com
altiplano.com,wholesalereg@altiplano.com
onceuponachildwaco.com,info@onceuponachildwaco.com
bearsnfriends.com,info@bearsnfriends.com
winterwalktraindisplayshop.com,winterwalk@outlook.com
toyboxvideogames.com,toybox5635@gmail.com
inlandoctopus.com,email@inlandoctopus.com
gamefriendzy.com,gmaefriendzy@gmail.com
gamefriendzy.com,nfo@gamefriendzy.com
gamefriendzy.com,info@gamefriendzy.com
nordicatoys.com,info@nordicatoys.com
aandatoys.wordpress.com,aandatoys@gmail.com
greenpointtoys.com,benny.han@gmail.com
galaxycomicsandgames.com,galaxycomicsstevenspoint@gmail.com
babysplanet.com,info@babysplanet.com
babysplanet.com,info-ponce@babysplanet.com
lucystoys.com,lucystoys@att.net
danstoyshop.com,danstoyshop@everestkc.net
danstoyshop.com,sales@danstoyshop.com
abc-consign.com,abc.consign@gmail.com
angottifarmtoys.com,info@angottifarmtoys.com
gigglemonkeytoys.com,gigglemonkey@windstream.net
mooretoys.com,diane@mooretoys.com
lewespuzzles.com,puzzles@lewespuzzles.com
justimaginetoys.com,orders@justimaginetoys.com
doodlets.com,happiness@doodlets.com
kligs.com,shop@kligs.com
chickenlittlekids.com,store@chickenlittlekids.com
pureromance.com,jeda101@aol.com
walloffame.net,admin@walloffame.net
theicm.org,ask@theicm.org
theicm.org,lbandfield@theicm.org
theicm.org,jfrantz@theicm.org
theicm.org,jdonnenwerth@theicm.org
theicm.org,ddunkhase@theicm.org
theicm.org,gkempletaylor@theicm.org
theicm.org,kmoore@theicm.org
theicm.org,amorris@theicm.org
theicm.org,amussman@theicm.org
theicm.org,jstanhope@theicm.org
allaroundrc.com,rchobbies1620@sbcglobal.net
thereadapple.com,thereadapplellc@gmail.com
sktoys.com,sales@smartkidstoys.com
sugarplumkidsredding.com,emibarbcon@sbcglobal.net
kerrific.com,kerrific5@gmail.com
theindigobaby.com,info@theindigobaby.com
toyhutt.com,customerservice@toyhutt.com
loveboutiqueshreveport.com,crystalshreveport@yahoo.com
loveboutiqueshreveport.com,sales@loveboutiqueshreveport.com
rcplanet.com,license@prestashop.com
rcplanet.com,contact@prestashop.com
rcplanet.com,info@rcplanet.com
wigglish.com,customercare@wigglish.com
unicornstore.com,info@unicorngiftsandtoys.com
yourmagicproshop.com,sales@yourmagicproshop.com
recess.net,gte@recess.net
toysonmainstreet.com,anarchos3@hotmail.com
52fantasies.com,52fantasiesroanoke@gmail.com
oompa.com,hello@oompa.com
trainlandhobbiesllc.com,trainlandhobbies@gmail.com
santafedoubletake.com,info@santafedoubletake.com
cjscorvettes.com,cjscorvettespa@aol.com
thestoreforcouples.com,thestoreforcouples@gmail.com
bigr.com,bigr@bigr.com
bigr.com,info@shopvisible.coms
babywearhousejc.com,delivery@emarketingsolutions.biz
pureimaginationtoys.com,pureimaginationgifts@gmail.com
classicplasticstoystore.com,classicplasticstoystore@gmail.com
thetoyboat.com,thetoyboatcrew@gmail.com
twinkletwinklelittlestoreofnaples.com,info@twinkletwinklelittlestoreofnaples.com
twinkletwinklelittlestoreofnaples.com,cherylcheok@yahoo.com
twinkletwinklelittlestoreofnaples.com,twinkletwinklelittlestore@yahoo.com
twinkletwinklelittlestoreofnaples.com,rentals@twinkletwinklelittlestoreofnaples.com
thebrickhutt.com,brickhutt@yahoo.com
thebrickhutt.com,rickhutt@yahoo.com
smartmonkeytoys.com,orders@smartmonkeytoys.com
jjitoys.com,play@jjitoys.com
amanashops.com,vhergert@amanas.net
amanashops.com,customerservice@amanashops.com
thesillysprout.com,thesillysprout@gmail.com
burlingtoncoatfactory.com,micah.pierce@burlingtonstores.com
burlingtoncoatfactory.com,john@coat.com
freaktoyz.com,info@freaktoyz.com
freaktoyz.com,530811-920-287-7812info@freaktoyz.com
gumdroptreetoys.com,jweaver@fallsgumdroptree.com
gameseeker.myshopify.com,gameseekersantabarbara@gmail.com
spyproshop.org,spyproshop@gmail.com
quecheegorge.com,quechee@quecheegorge.com
teddybearsquare.com,teddybearsquare583@gmail.com
sunnysidecottagegifts.com,20sunnysidecottage@msn.com
ftwgamestore.com,info@ftwgamestore.com
treasureboxtoys.com,treasureboxtoys@sbcglobal.net
rehobothkite.com,rehobothtoyandkite@gmail.com
onceuponachildrapidcity.com,ouac@rocketmail.com
kringlesinc.com,emailinfo@kringlesinc.com
kringlesinc.com,info@kringlesinc.com
adammillertoyandbicycle.com,adammiller2@verizon.net
playmobil.us,service@playmobilusa.com
playmobil.us,webmaster@playmobilusa.com
kligs.com,shop@kligs.com
toyboxofnj.com,thetoyboxstore@gmail.com
emeraldislebooks.com,books@emeraldislebooks.com
hobbytown.com,'westminster@hobbiescolorado.com
shentoys.com,toys@shentoys.com
panthersupply.com,bookstore@panthersupply.com
lanard.com,enquiries@lanard.com
lanard.com,sales@lanard.com
peekabooonline.com,info@peekabooonline.com
peekabooonline.com,info@peekaboocedarfalls.com
kokomotribune.com,josh.sigler@kokomotribune.com
kokomotribune.com,webmaster@kokomotribune.com
mountaintoys.net,info@mountaintoys.net
ifotoys.com,drew@incredibleflyingobjects.com
plusfun.net,plusfunstore@gmail.com
brickcircuit.us,staff@brickcircuit.us
momandpopplace.com,info@momandpopplace.com
erotiquestyle.com,info@erotiquestyle.com
renorails.com,renorails@renorails.com
paddingtonstationashland.com,info@paddingtonstationashland.com
playsprockets.com,info@playsprockets.com
rcsuperstore.com,sales@rcsuperstore.com
store.terra-tots.com,terratotsnaturalparenting@gmail.com
abatrader.com,agrymala@gmail.com
darktidecomics.com,darktidecomics@gmail.com
thehobbycorner.net,hobby@hobbycorner.biz
